"","Var1","Freq"
"77","Bacteria_Bacteroidetes_Bacteroidia_Bacteroidales_Porphyromonadaceae_Porphyromonas_Porphyromonasgingivalis_UnclassifiedPorphyromonasgingivalisstrain",25
"76","Bacteria_Bacteroidetes_Bacteroidia_Bacteroidales_Porphyromonadaceae_Porphyromonas_Porphyromonasgingivalis",15
"340","Bacteria_Firmicutes_Clostridia_Clostridiales_Lachnospiraceae_Lachnoclostridium_[Clostridium]clostridioforme",11
"16","Bacteria_Bacteroidetes_Bacteroidia_Bacteroidales_Bacteroidaceae_Bacteroides_Bacteroidesfragilis",8
"215","Bacteria_Firmicutes_Bacilli_Lactobacillales_Lactobacillaceae_Lactobacillus_Lactobacillusplantarum_UnclassifiedLactobacillusplantarumstrain",7
"336","Bacteria_Firmicutes_Clostridia_Clostridiales_Lachnospiraceae_Lachnoclostridium_[Clostridium]bolteae",7
"457","Bacteria_Firmicutes_Clostridia_Clostridiales_Ruminococcaceae_Faecalibacterium_Faecalibacteriumprausnitzii_UnclassifiedFaecalibacteriumprausnitziistrain",7
"106","Bacteria_Bacteroidetes_Bacteroidia_Bacteroidales_Prevotellaceae_Prevotella_Prevotellaintermedia_UnclassifiedPrevotellaintermediastrain",6
"485","Bacteria_Firmicutes_Clostridia_Clostridiales_Ruminococcaceae_Ruminococcus_Ruminococcusflavefaciens_UnclassifiedRuminococcusflavefaciensstrain",5
"11","Bacteria_Bacteroidetes_Bacteroidia_Bacteroidales_Bacteroidaceae_Bacteroides_Bacteroidesdorei",4
"17","Bacteria_Bacteroidetes_Bacteroidia_Bacteroidales_Bacteroidaceae_Bacteroides_Bacteroidesfragilis_UnclassifiedBacteroidesfragilisstrain",4
"164","Bacteria_Bacteroidetes_Bacteroidia_Bacteroidales_Tannerellaceae_Tannerella_Tannerellaforsythia_UnclassifiedTannerellaforsythiastrain",4
"223","Bacteria_Firmicutes_Bacilli_Lactobacillales_Lactobacillaceae_Lactobacillus_Lactobacillussalivarius_UnclassifiedLactobacillussalivariusstrain",4
"282","Bacteria_Firmicutes_Clostridia_Clostridiales_Lachnospiraceae_Butyrivibrio_Butyrivibriofibrisolvens",4
"484","Bacteria_Firmicutes_Clostridia_Clostridiales_Ruminococcaceae_Ruminococcus_Ruminococcusflavefaciens",4
"530","Bacteria_Verrucomicrobia_Verrucomicrobiae_Verrucomicrobiales_Akkermansiaceae_Akkermansia_Akkermansiamuciniphila_UnclassifiedAkkermansiamuciniphilastrain",4
"9","Bacteria_Bacteroidetes_Bacteroidia_Bacteroidales_Bacteroidaceae_Bacteroides_Bacteroidescellulosilyticus_UnclassifiedBacteroidescellulosilyticusstrain",3
"23","Bacteria_Bacteroidetes_Bacteroidia_Bacteroidales_Bacteroidaceae_Bacteroides_Bacteroidesovatus",3
"50","Bacteria_Bacteroidetes_Bacteroidia_Bacteroidales_Bacteroidaceae_Bacteroides_Bacteroidesuniformis",3
"79","Bacteria_Bacteroidetes_Bacteroidia_Bacteroidales_Porphyromonadaceae_Porphyromonas_Porphyromonasgulae_UnclassifiedPorphyromonasgulaestrain",3
"145","Bacteria_Bacteroidetes_Bacteroidia_Bacteroidales_Tannerellaceae_Parabacteroides_Parabacteroidesdistasonis",3
"146","Bacteria_Bacteroidetes_Bacteroidia_Bacteroidales_Tannerellaceae_Parabacteroides_Parabacteroidesgoldsteinii",3
"149","Bacteria_Bacteroidetes_Bacteroidia_Bacteroidales_Tannerellaceae_Parabacteroides_Parabacteroidesmerdae",3
"163","Bacteria_Bacteroidetes_Bacteroidia_Bacteroidales_Tannerellaceae_Tannerella_Tannerellaforsythia",3
"199","Bacteria_Firmicutes_Bacilli_Lactobacillales_Lactobacillaceae_Lactobacillus_Lactobacillushelveticus",3
"203","Bacteria_Firmicutes_Bacilli_Lactobacillales_Lactobacillaceae_Lactobacillus_Lactobacillusjensenii",3
"235","Bacteria_Firmicutes_Clostridia_Clostridiales_Clostridiaceae_Hungatella_Hungatellahathewayi",3
"286","Bacteria_Firmicutes_Clostridia_Clostridiales_Lachnospiraceae_Butyrivibrio_Butyrivibrioproteoclasticus",3
"323","Bacteria_Firmicutes_Clostridia_Clostridiales_Lachnospiraceae_Eisenbergiella_Eisenbergiellatayi_UnclassifiedEisenbergiellatayistrain",3
"341","Bacteria_Firmicutes_Clostridia_Clostridiales_Lachnospiraceae_Lachnoclostridium_[Clostridium]clostridioforme_Unclassified[Clostridium]clostridioformestrain",3
"349","Bacteria_Firmicutes_Clostridia_Clostridiales_Lachnospiraceae_Lachnoclostridium_[Clostridium]symbiosum",3
"354","Bacteria_Firmicutes_Clostridia_Clostridiales_Lachnospiraceae_Lachnospira_Lachnospiramultipara",3
"456","Bacteria_Firmicutes_Clostridia_Clostridiales_Ruminococcaceae_Faecalibacterium_Faecalibacteriumprausnitzii",3
"512","Bacteria_Firmicutes_Erysipelotrichia_Erysipelotrichales_Erysipelotrichaceae_Kandleria_Kandleriavitulina_UnclassifiedKandleriavitulinastrain",3
"523","Bacteria_Proteobacteria_Epsilonproteobacteria_Campylobacterales_Helicobacteraceae_Helicobacter_Helicobacterpylori",3
"12","Bacteria_Bacteroidetes_Bacteroidia_Bacteroidales_Bacteroidaceae_Bacteroides_Bacteroideseggerthii",2
"24","Bacteria_Bacteroidetes_Bacteroidia_Bacteroidales_Bacteroidaceae_Bacteroides_Bacteroidesovatus_UnclassifiedBacteroidesovatusstrain",2
"27","Bacteria_Bacteroidetes_Bacteroidia_Bacteroidales_Bacteroidaceae_Bacteroides_Bacteroidessalyersiae",2
"49","Bacteria_Bacteroidetes_Bacteroidia_Bacteroidales_Bacteroidaceae_Bacteroides_Bacteroidesthetaiotaomicron",2
"52","Bacteria_Bacteroidetes_Bacteroidia_Bacteroidales_Bacteroidaceae_Bacteroides_Bacteroidesvulgatus",2
"53","Bacteria_Bacteroidetes_Bacteroidia_Bacteroidales_Bacteroidaceae_Bacteroides_Bacteroidesvulgatus_UnclassifiedBacteroidesvulgatusstrain",2
"72","Bacteria_Bacteroidetes_Bacteroidia_Bacteroidales_Porphyromonadaceae_Porphyromonas_Porphyromonascangingivalis_UnclassifiedPorphyromonascangingivalisstrain",2
"96","Bacteria_Bacteroidetes_Bacteroidia_Bacteroidales_Prevotellaceae_Prevotella_Prevotellabryantii_UnclassifiedPrevotellabryantiistrain",2
"97","Bacteria_Bacteroidetes_Bacteroidia_Bacteroidales_Prevotellaceae_Prevotella_Prevotellabuccae",2
"105","Bacteria_Bacteroidetes_Bacteroidia_Bacteroidales_Prevotellaceae_Prevotella_Prevotellaintermedia",2
"108","Bacteria_Bacteroidetes_Bacteroidia_Bacteroidales_Prevotellaceae_Prevotella_Prevotellamaculosa",2
"147","Bacteria_Bacteroidetes_Bacteroidia_Bacteroidales_Tannerellaceae_Parabacteroides_Parabacteroidesgordonii",2
"148","Bacteria_Bacteroidetes_Bacteroidia_Bacteroidales_Tannerellaceae_Parabacteroides_Parabacteroidesjohnsonii",2
"167","Bacteria_Bacteroidetes_Bacteroidia_Marinilabiliales_Marinilabiliaceae_Alkalitalea_Alkalitaleasaponilacus_UnclassifiedAlkalitaleasaponilacusstrain",2
"171","Bacteria_Firmicutes_Bacilli_Bacillales_Staphylococcaceae_Staphylococcus_Staphylococcusaureus_UnclassifiedStaphylococcusaureusstrain",2
"179","Bacteria_Firmicutes_Bacilli_Lactobacillales_Carnobacteriaceae_Trichococcus_Trichococcuspalustris_UnclassifiedTrichococcuspalustrisstrain",2
"180","Bacteria_Firmicutes_Bacilli_Lactobacillales_Enterococcaceae_Enterococcus_Enterococcusfaecalis",2
"184","Bacteria_Firmicutes_Bacilli_Lactobacillales_Lactobacillaceae_Lactobacillus_Lactobacillusagilis_UnclassifiedLactobacillusagilisstrain",2
"204","Bacteria_Firmicutes_Bacilli_Lactobacillales_Lactobacillaceae_Lactobacillus_Lactobacillusjohnsonii",2
"217","Bacteria_Firmicutes_Bacilli_Lactobacillales_Lactobacillaceae_Lactobacillus_Lactobacillusreuteri",2
"218","Bacteria_Firmicutes_Bacilli_Lactobacillales_Lactobacillaceae_Lactobacillus_Lactobacillusreuteri_UnclassifiedLactobacillusreuteristrain",2
"219","Bacteria_Firmicutes_Bacilli_Lactobacillales_Lactobacillaceae_Lactobacillus_Lactobacillusrhamnosus",2
"220","Bacteria_Firmicutes_Bacilli_Lactobacillales_Lactobacillaceae_Lactobacillus_Lactobacillusrhamnosus_UnclassifiedLactobacillusrhamnosusstrain",2
"221","Bacteria_Firmicutes_Bacilli_Lactobacillales_Lactobacillaceae_Lactobacillus_Lactobacillussakei_UnclassifiedLactobacillussakeistrain",2
"225","Bacteria_Firmicutes_Bacilli_Lactobacillales_Lactobacillaceae_Pediococcus_Pediococcusdamnosus_UnclassifiedPediococcusdamnosusstrain",2
"228","Bacteria_Firmicutes_Bacilli_Lactobacillales_Streptococcaceae_Streptococcus_Streptococcuspneumoniae_UnclassifiedStreptococcuspneumoniaestrain",2
"229","Bacteria_Firmicutes_Clostridia_Clostridiales_Christensenellaceae_Christensenella_Christensenellaminuta_UnclassifiedChristensenellaminutastrain",2
"231","Bacteria_Firmicutes_Clostridia_Clostridiales_Clostridiaceae_Butyricicoccus_Butyricicoccuspullicaecorum",2
"241","Bacteria_Firmicutes_Clostridia_Clostridiales_Eubacteriaceae_Eubacterium_Eubacteriumruminantium_UnclassifiedEubacteriumruminantiumstrain",2
"243","Bacteria_Firmicutes_Clostridia_Clostridiales_Flavonifractor_Flavonifractorplautii",2
"245","Bacteria_Firmicutes_Clostridia_Clostridiales_Intestinimonas_Intestinimonasbutyriciproducens_UnclassifiedIntestinimonasbutyriciproducensstrain",2
"280","Bacteria_Firmicutes_Clostridia_Clostridiales_Lachnospiraceae_Blautia_Blautiawexlerae",2
"284","Bacteria_Firmicutes_Clostridia_Clostridiales_Lachnospiraceae_Butyrivibrio_Butyrivibriohungatei",2
"285","Bacteria_Firmicutes_Clostridia_Clostridiales_Lachnospiraceae_Butyrivibrio_Butyrivibriohungatei_UnclassifiedButyrivibriohungateistrain",2
"320","Bacteria_Firmicutes_Clostridia_Clostridiales_Lachnospiraceae_Dorea_Dorealongicatena",2
"331","Bacteria_Firmicutes_Clostridia_Clostridiales_Lachnospiraceae_Lachnobacterium_Lachnobacteriumbovis",2
"334","Bacteria_Firmicutes_Clostridia_Clostridiales_Lachnospiraceae_Lachnoclostridium_[Clostridium]aminophilum_Unclassified[Clostridium]aminophilumstrain",2
"338","Bacteria_Firmicutes_Clostridia_Clostridiales_Lachnospiraceae_Lachnoclostridium_[Clostridium]citroniae",2
"356","Bacteria_Firmicutes_Clostridia_Clostridiales_Lachnospiraceae_Lachnospiraceaebacterium_UnclassifiedLachnospiraceaebacteriumstrain",2
"419","Bacteria_Firmicutes_Clostridia_Clostridiales_Lachnospiraceae_Oribacterium_Oribacteriumsp_oraltaxon078",2
"421","Bacteria_Firmicutes_Clostridia_Clostridiales_Lachnospiraceae_Pseudobutyrivibrio_Pseudobutyrivibrioruminis",2
"463","Bacteria_Firmicutes_Clostridia_Clostridiales_Ruminococcaceae_Ruminiclostridium_[Clostridium]clariflavum",2
"467","Bacteria_Firmicutes_Clostridia_Clostridiales_Ruminococcaceae_Ruminiclostridium_[Clostridium]stercorarium",2
"471","Bacteria_Firmicutes_Clostridia_Clostridiales_Ruminococcaceae_Ruminiclostridium_Ruminiclostridiumthermocellum",2
"481","Bacteria_Firmicutes_Clostridia_Clostridiales_Ruminococcaceae_Ruminococcus_Ruminococcusalbus",2
"482","Bacteria_Firmicutes_Clostridia_Clostridiales_Ruminococcaceae_Ruminococcus_Ruminococcusalbus_UnclassifiedRuminococcusalbusstrain",2
"487","Bacteria_Firmicutes_Clostridia_Clostridiales_Ruminococcaceae_Ruminococcus_Ruminococcuslactaris",2
"501","Bacteria_Firmicutes_Erysipelotrichia_Erysipelotrichales_Erysipelotrichaceae_Erysipelothrix_Erysipelothrixrhusiopathiae",2
"509","Bacteria_Firmicutes_Erysipelotrichia_Erysipelotrichales_Erysipelotrichaceae_Kandleria_Kandleriavitulina",2
"522","Bacteria_Proteobacteria_Deltaproteobacteria_Desulfovibrionales_Desulfovibrionaceae_Lawsonia_Lawsoniaintracellularis",2
"1","Bacteria_Actinobacteria_Coriobacteriia_Coriobacteriales_Atopobiaceae_Olsenella_Olsenellasp_Marseille-P2912_UnclassifiedOlsenellasp_Marseille-P2912strain",1
"2","Bacteria_Actinobacteria_Coriobacteriia_Coriobacteriales_Coriobacteriaceae_Collinsella_Collinsellabouchesdurhonensis_UnclassifiedCollinsellabouchesdurhonensisstrain",1
"3","Bacteria_Actinobacteria_Coriobacteriia_Coriobacteriales_Coriobacteriaceae_Collinsella_Collinsellasp_TF06-26_UnclassifiedCollinsellasp_TF06-26strain",1
"4","Bacteria_Actinobacteria_Coriobacteriia_Coriobacteriales_Coriobacteriaceae_Collinsella_Collinsellatanakaei",1
"5","Bacteria_Actinobacteria_Coriobacteriia_Coriobacteriales_Coriobacteriaceae_Collinsella_Collinsellavaginalis_UnclassifiedCollinsellavaginalisstrain",1
"6","Bacteria_Actinobacteria_Coriobacteriia_Coriobacteriales_Coriobacteriaceae_Coriobacterium_Coriobacteriumglomerans",1
"7","Bacteria_Bacteroidetes_Bacteroidia_Bacteroidales_Bacteroidaceae_Bacteroides_Bacteroidesbarnesiae",1
"8","Bacteria_Bacteroidetes_Bacteroidia_Bacteroidales_Bacteroidaceae_Bacteroides_Bacteroidescaccae",1
"10","Bacteria_Bacteroidetes_Bacteroidia_Bacteroidales_Bacteroidaceae_Bacteroides_Bacteroidescoprophilus",1
"13","Bacteria_Bacteroidetes_Bacteroidia_Bacteroidales_Bacteroidaceae_Bacteroides_Bacteroidesfaecis",1
"14","Bacteria_Bacteroidetes_Bacteroidia_Bacteroidales_Bacteroidaceae_Bacteroides_Bacteroidesfinegoldii",1
"15","Bacteria_Bacteroidetes_Bacteroidia_Bacteroidales_Bacteroidaceae_Bacteroides_Bacteroidesfluxus",1
"18","Bacteria_Bacteroidetes_Bacteroidia_Bacteroidales_Bacteroidaceae_Bacteroides_Bacteroidesgallinarum",1
"19","Bacteria_Bacteroidetes_Bacteroidia_Bacteroidales_Bacteroidaceae_Bacteroides_Bacteroidesintestinalis_UnclassifiedBacteroidesintestinalisstrain",1
"20","Bacteria_Bacteroidetes_Bacteroidia_Bacteroidales_Bacteroidaceae_Bacteroides_Bacteroidesluti_UnclassifiedBacteroideslutistrain",1
"21","Bacteria_Bacteroidetes_Bacteroidia_Bacteroidales_Bacteroidaceae_Bacteroides_Bacteroidesmassiliensis",1
"22","Bacteria_Bacteroidetes_Bacteroidia_Bacteroidales_Bacteroidaceae_Bacteroides_Bacteroidesnordii",1
"25","Bacteria_Bacteroidetes_Bacteroidia_Bacteroidales_Bacteroidaceae_Bacteroides_Bacteroidesplebeius",1
"26","Bacteria_Bacteroidetes_Bacteroidia_Bacteroidales_Bacteroidaceae_Bacteroides_Bacteroidespyogenes",1
"28","Bacteria_Bacteroidetes_Bacteroidia_Bacteroidales_Bacteroidaceae_Bacteroides_Bacteroidessartorii_UnclassifiedBacteroidessartoriistrain",1
"29","Bacteria_Bacteroidetes_Bacteroidia_Bacteroidales_Bacteroidaceae_Bacteroides_Bacteroidessp_1_1_30_UnclassifiedBacteroidessp_1_1_30strain",1
"30","Bacteria_Bacteroidetes_Bacteroidia_Bacteroidales_Bacteroidaceae_Bacteroides_Bacteroidessp_1_1_6_UnclassifiedBacteroidessp_1_1_6strain",1
"31","Bacteria_Bacteroidetes_Bacteroidia_Bacteroidales_Bacteroidaceae_Bacteroides_Bacteroidessp_2_1_16_UnclassifiedBacteroidessp_2_1_16strain",1
"32","Bacteria_Bacteroidetes_Bacteroidia_Bacteroidales_Bacteroidaceae_Bacteroides_Bacteroidessp_2_1_33B_UnclassifiedBacteroidessp_2_1_33Bstrain",1
"33","Bacteria_Bacteroidetes_Bacteroidia_Bacteroidales_Bacteroidaceae_Bacteroides_Bacteroidessp_3_1_19_UnclassifiedBacteroidessp_3_1_19strain",1
"34","Bacteria_Bacteroidetes_Bacteroidia_Bacteroidales_Bacteroidaceae_Bacteroides_Bacteroidessp_3_1_40A_UnclassifiedBacteroidessp_3_1_40Astrain",1
"35","Bacteria_Bacteroidetes_Bacteroidia_Bacteroidales_Bacteroidaceae_Bacteroides_Bacteroidessp_4_1_36_UnclassifiedBacteroidessp_4_1_36strain",1
"36","Bacteria_Bacteroidetes_Bacteroidia_Bacteroidales_Bacteroidaceae_Bacteroides_Bacteroidessp_4_3_47FAA_UnclassifiedBacteroidessp_4_3_47FAAstrain",1
"37","Bacteria_Bacteroidetes_Bacteroidia_Bacteroidales_Bacteroidaceae_Bacteroides_Bacteroidessp_9_1_42FAA_UnclassifiedBacteroidessp_9_1_42FAAstrain",1
"38","Bacteria_Bacteroidetes_Bacteroidia_Bacteroidales_Bacteroidaceae_Bacteroides_Bacteroidessp_AR20_UnclassifiedBacteroidessp_AR20strain",1
"39","Bacteria_Bacteroidetes_Bacteroidia_Bacteroidales_Bacteroidaceae_Bacteroides_Bacteroidessp_D1_UnclassifiedBacteroidessp_D1strain",1
"40","Bacteria_Bacteroidetes_Bacteroidia_Bacteroidales_Bacteroidaceae_Bacteroides_Bacteroidessp_D20_UnclassifiedBacteroidessp_D20strain",1
"41","Bacteria_Bacteroidetes_Bacteroidia_Bacteroidales_Bacteroidaceae_Bacteroides_Bacteroidessp_HMSC067B03_UnclassifiedBacteroidessp_HMSC067B03strain",1
"42","Bacteria_Bacteroidetes_Bacteroidia_Bacteroidales_Bacteroidaceae_Bacteroides_Bacteroidessp_HMSC068A09_UnclassifiedBacteroidessp_HMSC068A09strain",1
"43","Bacteria_Bacteroidetes_Bacteroidia_Bacteroidales_Bacteroidaceae_Bacteroides_Bacteroidessp_HMSC073E02_UnclassifiedBacteroidessp_HMSC073E02strain",1
"44","Bacteria_Bacteroidetes_Bacteroidia_Bacteroidales_Bacteroidaceae_Bacteroides_Bacteroidessp_HPS0048_UnclassifiedBacteroidessp_HPS0048strain",1
"45","Bacteria_Bacteroidetes_Bacteroidia_Bacteroidales_Bacteroidaceae_Bacteroides_Bacteroidessp_Marseille-P2653_UnclassifiedBacteroidessp_Marseille-P2653strain",1
"46","Bacteria_Bacteroidetes_Bacteroidia_Bacteroidales_Bacteroidaceae_Bacteroides_Bacteroidessp_Marseille-P3166_UnclassifiedBacteroidessp_Marseille-P3166strain",1
"47","Bacteria_Bacteroidetes_Bacteroidia_Bacteroidales_Bacteroidaceae_Bacteroides_Bacteroidessp_Marseille-P3208T_UnclassifiedBacteroidessp_Marseille-P3208Tstrain",1
"48","Bacteria_Bacteroidetes_Bacteroidia_Bacteroidales_Bacteroidaceae_Bacteroides_Bacteroidesstercoris_UnclassifiedBacteroidesstercorisstrain",1
"51","Bacteria_Bacteroidetes_Bacteroidia_Bacteroidales_Bacteroidaceae_Bacteroides_Bacteroidesuniformis_UnclassifiedBacteroidesuniformisstrain",1
"54","Bacteria_Bacteroidetes_Bacteroidia_Bacteroidales_Bacteroidaceae_Bacteroides_Bacteroidesxylanisolvens",1
"55","Bacteria_Bacteroidetes_Bacteroidia_Bacteroidales_Barnesiellaceae_Barnesiella_Barnesiellaintestinihominis",1
"56","Bacteria_Bacteroidetes_Bacteroidia_Bacteroidales_Barnesiellaceae_Barnesiella_Barnesiellaviscericola",1
"57","Bacteria_Bacteroidetes_Bacteroidia_Bacteroidales_Barnesiellaceae_Coprobacter_Coprobacterfastidiosus",1
"58","Bacteria_Bacteroidetes_Bacteroidia_Bacteroidales_Odoribacteraceae_Odoribacter_Odoribacterlaneus",1
"59","Bacteria_Bacteroidetes_Bacteroidia_Bacteroidales_Odoribacteraceae_Odoribacter_Odoribactersplanchnicus",1
"60","Bacteria_Bacteroidetes_Bacteroidia_Bacteroidales_Odoribacteraceae_Odoribacter_Odoribactersplanchnicus_UnclassifiedOdoribactersplanchnicusstrain",1
"61","Bacteria_Bacteroidetes_Bacteroidia_Bacteroidales_Phocaeicola_Phocaeicolaabscessus",1
"62","Bacteria_Bacteroidetes_Bacteroidia_Bacteroidales_Porphyromonadaceae_Fermentimonas_Fermentimonascaenicola_UnclassifiedFermentimonascaenicolastrain",1
"63","Bacteria_Bacteroidetes_Bacteroidia_Bacteroidales_Porphyromonadaceae_Gabonia_Gaboniamassiliensis_UnclassifiedGaboniamassiliensisstrain",1
"64","Bacteria_Bacteroidetes_Bacteroidia_Bacteroidales_Porphyromonadaceae_Gabonibacter_Gabonibactermassiliensis_UnclassifiedGabonibactermassiliensisstrain",1
"65","Bacteria_Bacteroidetes_Bacteroidia_Bacteroidales_Porphyromonadaceae_Petrimonas_Petrimonasmucosa_UnclassifiedPetrimonasmucosastrain",1
"66","Bacteria_Bacteroidetes_Bacteroidia_Bacteroidales_Porphyromonadaceae_PorphyromonadaceaebacteriumFC4_UnclassifiedPorphyromonadaceaebacteriumFC4strain",1
"67","Bacteria_Bacteroidetes_Bacteroidia_Bacteroidales_Porphyromonadaceae_PorphyromonadaceaebacteriumKA00676_UnclassifiedPorphyromonadaceaebacteriumKA00676strain",1
"68","Bacteria_Bacteroidetes_Bacteroidia_Bacteroidales_Porphyromonadaceae_PorphyromonadaceaebacteriumKH3CP3RA_UnclassifiedPorphyromonadaceaebacteriumKH3CP3RAstrain",1
"69","Bacteria_Bacteroidetes_Bacteroidia_Bacteroidales_Porphyromonadaceae_PorphyromonadaceaebacteriumKH3R12_UnclassifiedPorphyromonadaceaebacteriumKH3R12strain",1
"70","Bacteria_Bacteroidetes_Bacteroidia_Bacteroidales_Porphyromonadaceae_PorphyromonadaceaebacteriumNLAE-zl-C104_UnclassifiedPorphyromonadaceaebacteriumNLAE-zl-C104strain",1
"71","Bacteria_Bacteroidetes_Bacteroidia_Bacteroidales_Porphyromonadaceae_Porphyromonas_Porphyromonasasaccharolytica",1
"73","Bacteria_Bacteroidetes_Bacteroidia_Bacteroidales_Porphyromonadaceae_Porphyromonas_Porphyromonascatoniae",1
"74","Bacteria_Bacteroidetes_Bacteroidia_Bacteroidales_Porphyromonadaceae_Porphyromonas_Porphyromonascircumdentaria_UnclassifiedPorphyromonascircumdentariastrain",1
"75","Bacteria_Bacteroidetes_Bacteroidia_Bacteroidales_Porphyromonadaceae_Porphyromonas_Porphyromonascrevioricanis_UnclassifiedPorphyromonascrevioricanisstrain",1
"78","Bacteria_Bacteroidetes_Bacteroidia_Bacteroidales_Porphyromonadaceae_Porphyromonas_Porphyromonasgulae",1
"80","Bacteria_Bacteroidetes_Bacteroidia_Bacteroidales_Porphyromonadaceae_Porphyromonas_Porphyromonaslevii",1
"81","Bacteria_Bacteroidetes_Bacteroidia_Bacteroidales_Porphyromonadaceae_Porphyromonas_Porphyromonasmacacae",1
"82","Bacteria_Bacteroidetes_Bacteroidia_Bacteroidales_Porphyromonadaceae_Porphyromonas_Porphyromonassomerae_UnclassifiedPorphyromonassomeraestrain",1
"83","Bacteria_Bacteroidetes_Bacteroidia_Bacteroidales_Porphyromonadaceae_Porphyromonas_Porphyromonassp_HMSC065F10_UnclassifiedPorphyromonassp_HMSC065F10strain",1
"84","Bacteria_Bacteroidetes_Bacteroidia_Bacteroidales_Porphyromonadaceae_Porphyromonas_Porphyromonassp_HMSC077F02_UnclassifiedPorphyromonassp_HMSC077F02strain",1
"85","Bacteria_Bacteroidetes_Bacteroidia_Bacteroidales_Porphyromonadaceae_Porphyromonas_Porphyromonassp_KLE1280_UnclassifiedPorphyromonassp_KLE1280strain",1
"86","Bacteria_Bacteroidetes_Bacteroidia_Bacteroidales_Porphyromonadaceae_Porphyromonas_Porphyromonassp_oraltaxon278",1
"87","Bacteria_Bacteroidetes_Bacteroidia_Bacteroidales_Porphyromonadaceae_Porphyromonas_Porphyromonasuenonis",1
"88","Bacteria_Bacteroidetes_Bacteroidia_Bacteroidales_Prevotellaceae_Alloprevotella_Alloprevotellarava",1
"89","Bacteria_Bacteroidetes_Bacteroidia_Bacteroidales_Prevotellaceae_Alloprevotella_Alloprevotellatannerae",1
"90","Bacteria_Bacteroidetes_Bacteroidia_Bacteroidales_Prevotellaceae_Alloprevotella_Prevotellasp_oraltaxon473",1
"91","Bacteria_Bacteroidetes_Bacteroidia_Bacteroidales_Prevotellaceae_Paraprevotella_Paraprevotellaclara",1
"92","Bacteria_Bacteroidetes_Bacteroidia_Bacteroidales_Prevotellaceae_Paraprevotella_Paraprevotellaxylaniphila",1
"93","Bacteria_Bacteroidetes_Bacteroidia_Bacteroidales_Prevotellaceae_Prevotella_Prevotellabivia",1
"94","Bacteria_Bacteroidetes_Bacteroidia_Bacteroidales_Prevotellaceae_Prevotella_Prevotellabivia_UnclassifiedPrevotellabiviastrain",1
"95","Bacteria_Bacteroidetes_Bacteroidia_Bacteroidales_Prevotellaceae_Prevotella_Prevotellabryantii",1
"98","Bacteria_Bacteroidetes_Bacteroidia_Bacteroidales_Prevotellaceae_Prevotella_Prevotellaconceptionensis",1
"99","Bacteria_Bacteroidetes_Bacteroidia_Bacteroidales_Prevotellaceae_Prevotella_Prevotellacopri",1
"100","Bacteria_Bacteroidetes_Bacteroidia_Bacteroidales_Prevotellaceae_Prevotella_Prevotellacorporis_UnclassifiedPrevotellacorporisstrain",1
"101","Bacteria_Bacteroidetes_Bacteroidia_Bacteroidales_Prevotellaceae_Prevotella_Prevotelladenticola",1
"102","Bacteria_Bacteroidetes_Bacteroidia_Bacteroidales_Prevotellaceae_Prevotella_Prevotelladisiens",1
"103","Bacteria_Bacteroidetes_Bacteroidia_Bacteroidales_Prevotellaceae_Prevotella_Prevotellahisticola",1
"104","Bacteria_Bacteroidetes_Bacteroidia_Bacteroidales_Prevotellaceae_Prevotella_Prevotellaihumii_UnclassifiedPrevotellaihumiistrain",1
"107","Bacteria_Bacteroidetes_Bacteroidia_Bacteroidales_Prevotellaceae_Prevotella_Prevotellaloescheii",1
"109","Bacteria_Bacteroidetes_Bacteroidia_Bacteroidales_Prevotellaceae_Prevotella_Prevotellamelaninogenica",1
"110","Bacteria_Bacteroidetes_Bacteroidia_Bacteroidales_Prevotellaceae_Prevotella_Prevotellamelaninogenica_UnclassifiedPrevotellamelaninogenicastrain",1
"111","Bacteria_Bacteroidetes_Bacteroidia_Bacteroidales_Prevotellaceae_Prevotella_Prevotellamicans",1
"112","Bacteria_Bacteroidetes_Bacteroidia_Bacteroidales_Prevotellaceae_Prevotella_Prevotellananceiensis",1
"113","Bacteria_Bacteroidetes_Bacteroidia_Bacteroidales_Prevotellaceae_Prevotella_Prevotellaoralis",1
"114","Bacteria_Bacteroidetes_Bacteroidia_Bacteroidales_Prevotellaceae_Prevotella_Prevotellaoris",1
"115","Bacteria_Bacteroidetes_Bacteroidia_Bacteroidales_Prevotellaceae_Prevotella_Prevotellaoryzae",1
"116","Bacteria_Bacteroidetes_Bacteroidia_Bacteroidales_Prevotellaceae_Prevotella_Prevotellaoulorum",1
"117","Bacteria_Bacteroidetes_Bacteroidia_Bacteroidales_Prevotellaceae_Prevotella_Prevotellaoulorum_UnclassifiedPrevotellaoulorumstrain",1
"118","Bacteria_Bacteroidetes_Bacteroidia_Bacteroidales_Prevotellaceae_Prevotella_Prevotellapallens",1
"119","Bacteria_Bacteroidetes_Bacteroidia_Bacteroidales_Prevotellaceae_Prevotella_Prevotellasaccharolytica",1
"120","Bacteria_Bacteroidetes_Bacteroidia_Bacteroidales_Prevotellaceae_Prevotella_Prevotellascopos",1
"121","Bacteria_Bacteroidetes_Bacteroidia_Bacteroidales_Prevotellaceae_Prevotella_Prevotellasp_C561_UnclassifiedPrevotellasp_C561strain",1
"122","Bacteria_Bacteroidetes_Bacteroidia_Bacteroidales_Prevotellaceae_Prevotella_Prevotellasp_FD3004_UnclassifiedPrevotellasp_FD3004strain",1
"123","Bacteria_Bacteroidetes_Bacteroidia_Bacteroidales_Prevotellaceae_Prevotella_Prevotellasp_HMSC069G02_UnclassifiedPrevotellasp_HMSC069G02strain",1
"124","Bacteria_Bacteroidetes_Bacteroidia_Bacteroidales_Prevotellaceae_Prevotella_Prevotellasp_HMSC073D09_UnclassifiedPrevotellasp_HMSC073D09strain",1
"125","Bacteria_Bacteroidetes_Bacteroidia_Bacteroidales_Prevotellaceae_Prevotella_Prevotellasp_HMSC077E08_UnclassifiedPrevotellasp_HMSC077E08strain",1
"126","Bacteria_Bacteroidetes_Bacteroidia_Bacteroidales_Prevotellaceae_Prevotella_Prevotellasp_kh1p2_UnclassifiedPrevotellasp_kh1p2strain",1
"127","Bacteria_Bacteroidetes_Bacteroidia_Bacteroidales_Prevotellaceae_Prevotella_Prevotellasp_oraltaxon299",1
"128","Bacteria_Bacteroidetes_Bacteroidia_Bacteroidales_Prevotellaceae_Prevotella_Prevotellasp_oraltaxon317",1
"129","Bacteria_Bacteroidetes_Bacteroidia_Bacteroidales_Prevotellaceae_Prevotella_Prevotellasp_P6B1_UnclassifiedPrevotellasp_P6B1strain",1
"130","Bacteria_Bacteroidetes_Bacteroidia_Bacteroidales_Prevotellaceae_Prevotella_Prevotellatimonensis",1
"131","Bacteria_Bacteroidetes_Bacteroidia_Bacteroidales_Prevotellaceae_PrevotellaceaebacteriumHUN156_UnclassifiedPrevotellaceaebacteriumHUN156strain",1
"132","Bacteria_Bacteroidetes_Bacteroidia_Bacteroidales_Prevotellaceae_Prevotellamassilia_Prevotellamassiliatimonensis_UnclassifiedPrevotellamassiliatimonensisstrain",1
"133","Bacteria_Bacteroidetes_Bacteroidia_Bacteroidales_Rikenellaceae_Alistipes_Alistipesfinegoldii",1
"134","Bacteria_Bacteroidetes_Bacteroidia_Bacteroidales_Rikenellaceae_Alistipes_Alistipesindistinctus",1
"135","Bacteria_Bacteroidetes_Bacteroidia_Bacteroidales_Rikenellaceae_Alistipes_Alistipesobesi_UnclassifiedAlistipesobesistrain",1
"136","Bacteria_Bacteroidetes_Bacteroidia_Bacteroidales_Rikenellaceae_Alistipes_Alistipesonderdonkii",1
"137","Bacteria_Bacteroidetes_Bacteroidia_Bacteroidales_Rikenellaceae_Alistipes_Alistipesputredinis",1
"138","Bacteria_Bacteroidetes_Bacteroidia_Bacteroidales_Rikenellaceae_Alistipes_Alistipessenegalensis",1
"139","Bacteria_Bacteroidetes_Bacteroidia_Bacteroidales_Rikenellaceae_Alistipes_Alistipesshahii",1
"140","Bacteria_Bacteroidetes_Bacteroidia_Bacteroidales_Rikenellaceae_Alistipes_Alistipessp_AL-1_UnclassifiedAlistipessp_AL-1strain",1
"141","Bacteria_Bacteroidetes_Bacteroidia_Bacteroidales_Rikenellaceae_Alistipes_Alistipessp_CHKCI003_UnclassifiedAlistipessp_CHKCI003strain",1
"142","Bacteria_Bacteroidetes_Bacteroidia_Bacteroidales_Rikenellaceae_Alistipes_Alistipessp_Marseille-P2431_UnclassifiedAlistipessp_Marseille-P2431strain",1
"143","Bacteria_Bacteroidetes_Bacteroidia_Bacteroidales_Rikenellaceae_Alistipes_Alistipestimonensis",1
"144","Bacteria_Bacteroidetes_Bacteroidia_Bacteroidales_Rikenellaceae_Rikenella_Rikenellamicrofusus",1
"150","Bacteria_Bacteroidetes_Bacteroidia_Bacteroidales_Tannerellaceae_Parabacteroides_Parabacteroidessp_2_1_7_UnclassifiedParabacteroidessp_2_1_7strain",1
"151","Bacteria_Bacteroidetes_Bacteroidia_Bacteroidales_Tannerellaceae_Parabacteroides_Parabacteroidessp_20_3_UnclassifiedParabacteroidessp_20_3strain",1
"152","Bacteria_Bacteroidetes_Bacteroidia_Bacteroidales_Tannerellaceae_Parabacteroides_Parabacteroidessp_ASF519_UnclassifiedParabacteroidessp_ASF519strain",1
"153","Bacteria_Bacteroidetes_Bacteroidia_Bacteroidales_Tannerellaceae_Parabacteroides_Parabacteroidessp_CT06_UnclassifiedParabacteroidessp_CT06strain",1
"154","Bacteria_Bacteroidetes_Bacteroidia_Bacteroidales_Tannerellaceae_Parabacteroides_Parabacteroidessp_D13_UnclassifiedParabacteroidessp_D13strain",1
"155","Bacteria_Bacteroidetes_Bacteroidia_Bacteroidales_Tannerellaceae_Parabacteroides_Parabacteroidessp_D25_UnclassifiedParabacteroidessp_D25strain",1
"156","Bacteria_Bacteroidetes_Bacteroidia_Bacteroidales_Tannerellaceae_Parabacteroides_Parabacteroidessp_D26_UnclassifiedParabacteroidessp_D26strain",1
"157","Bacteria_Bacteroidetes_Bacteroidia_Bacteroidales_Tannerellaceae_Parabacteroides_Parabacteroidessp_HGS0025_UnclassifiedParabacteroidessp_HGS0025strain",1
"158","Bacteria_Bacteroidetes_Bacteroidia_Bacteroidales_Tannerellaceae_Parabacteroides_Parabacteroidessp_Marseille-P3160_UnclassifiedParabacteroidessp_Marseille-P3160strain",1
"159","Bacteria_Bacteroidetes_Bacteroidia_Bacteroidales_Tannerellaceae_Parabacteroides_Parabacteroidessp_Marseille-P3668_UnclassifiedParabacteroidessp_Marseille-P3668strain",1
"160","Bacteria_Bacteroidetes_Bacteroidia_Bacteroidales_Tannerellaceae_Parabacteroides_Parabacteroidessp_SN4_UnclassifiedParabacteroidessp_SN4strain",1
"161","Bacteria_Bacteroidetes_Bacteroidia_Bacteroidales_Tannerellaceae_Parabacteroides_Parabacteroidessp_YL27_UnclassifiedParabacteroidessp_YL27strain",1
"162","Bacteria_Bacteroidetes_Bacteroidia_Bacteroidales_Tannerellaceae_Parabacteroides_Parabacteroidestimonensis_UnclassifiedParabacteroidestimonensisstrain",1
"165","Bacteria_Bacteroidetes_Bacteroidia_Bacteroidales_Tannerellaceae_Tannerella_Tannerellasp_6_1_58FAA_CT1_UnclassifiedTannerellasp_6_1_58FAA_CT1strain",1
"166","Bacteria_Bacteroidetes_Bacteroidia_Bacteroidales_Tannerellaceae_Tannerella_Tannerellasp_oraltaxonHOT-286_UnclassifiedTannerellasp_oraltaxonHOT-286strain",1
"168","Bacteria_Bacteroidetes_Bacteroidia_Marinilabiliales_Marinilabiliaceae_Thermophagus_Thermophagusxiamenensis_UnclassifiedThermophagusxiamenensisstrain",1
"169","Bacteria_Bacteroidetes_Bacteroidia_Marinilabiliales_Prolixibacteraceae_Sunxiuqinia_Sunxiuqiniaelliptica_UnclassifiedSunxiuqiniaellipticastrain",1
"170","Bacteria_Firmicutes_Bacilli_Bacillales_Staphylococcaceae_Staphylococcus_Staphylococcusaureus",1
"172","Bacteria_Firmicutes_Bacilli_Lactobacillales_Aerococcaceae_Abiotrophia_Abiotrophiadefectiva",1
"173","Bacteria_Firmicutes_Bacilli_Lactobacillales_Aerococcaceae_Abiotrophia_Abiotrophiasp_HMSC24B09_UnclassifiedAbiotrophiasp_HMSC24B09strain",1
"174","Bacteria_Firmicutes_Bacilli_Lactobacillales_Carnobacteriaceae_Carnobacterium_Carnobacteriumdivergens",1
"175","Bacteria_Firmicutes_Bacilli_Lactobacillales_Carnobacteriaceae_Granulicatella_Granulicatellaadiacens",1
"176","Bacteria_Firmicutes_Bacilli_Lactobacillales_Carnobacteriaceae_Granulicatella_Granulicatellasp_572_rep1_STHE_UnclassifiedGranulicatellasp_572_rep1_STHEstrain",1
"177","Bacteria_Firmicutes_Bacilli_Lactobacillales_Carnobacteriaceae_Marinilactibacillus_Marinilactibacilluspiezotolerans_UnclassifiedMarinilactibacilluspiezotoleransstrain",1
"178","Bacteria_Firmicutes_Bacilli_Lactobacillales_Carnobacteriaceae_Trichococcus_Trichococcusflocculiformis_UnclassifiedTrichococcusflocculiformisstrain",1
"181","Bacteria_Firmicutes_Bacilli_Lactobacillales_Enterococcaceae_Enterococcus_Enterococcusfaecium",1
"182","Bacteria_Firmicutes_Bacilli_Lactobacillales_Lactobacillaceae_Lactobacillus_Lactobacillusacidipiscis_UnclassifiedLactobacillusacidipiscisstrain",1
"183","Bacteria_Firmicutes_Bacilli_Lactobacillales_Lactobacillaceae_Lactobacillus_Lactobacillusacidophilus_UnclassifiedLactobacillusacidophilusstrain",1
"185","Bacteria_Firmicutes_Bacilli_Lactobacillales_Lactobacillaceae_Lactobacillus_Lactobacillusamylophilus",1
"186","Bacteria_Firmicutes_Bacilli_Lactobacillales_Lactobacillaceae_Lactobacillus_Lactobacillusamylovorus_UnclassifiedLactobacillusamylovorusstrain",1
"187","Bacteria_Firmicutes_Bacilli_Lactobacillales_Lactobacillaceae_Lactobacillus_Lactobacillusapis_UnclassifiedLactobacillusapisstrain",1
"188","Bacteria_Firmicutes_Bacilli_Lactobacillales_Lactobacillaceae_Lactobacillus_Lactobacillusaviarius_UnclassifiedLactobacillusaviariusstrain",1
"189","Bacteria_Firmicutes_Bacilli_Lactobacillales_Lactobacillaceae_Lactobacillus_Lactobacillusbrevis_UnclassifiedLactobacillusbrevisstrain",1
"190","Bacteria_Firmicutes_Bacilli_Lactobacillales_Lactobacillaceae_Lactobacillus_Lactobacilluscasei_UnclassifiedLactobacilluscaseistrain",1
"191","Bacteria_Firmicutes_Bacilli_Lactobacillales_Lactobacillaceae_Lactobacillus_Lactobacillusconcavus",1
"192","Bacteria_Firmicutes_Bacilli_Lactobacillales_Lactobacillaceae_Lactobacillus_Lactobacilluscoryniformis",1
"193","Bacteria_Firmicutes_Bacilli_Lactobacillales_Lactobacillaceae_Lactobacillus_Lactobacilluscrispatus_UnclassifiedLactobacilluscrispatusstrain",1
"194","Bacteria_Firmicutes_Bacilli_Lactobacillales_Lactobacillaceae_Lactobacillus_Lactobacilluscurvatus_UnclassifiedLactobacilluscurvatusstrain",1
"195","Bacteria_Firmicutes_Bacilli_Lactobacillales_Lactobacillaceae_Lactobacillus_Lactobacillusdelbrueckii",1
"196","Bacteria_Firmicutes_Bacilli_Lactobacillales_Lactobacillaceae_Lactobacillus_Lactobacillusfermentum",1
"197","Bacteria_Firmicutes_Bacilli_Lactobacillales_Lactobacillaceae_Lactobacillus_Lactobacillusfuchuensis",1
"198","Bacteria_Firmicutes_Bacilli_Lactobacillales_Lactobacillaceae_Lactobacillus_Lactobacillusgasseri_UnclassifiedLactobacillusgasseristrain",1
"200","Bacteria_Firmicutes_Bacilli_Lactobacillales_Lactobacillaceae_Lactobacillus_Lactobacillushelveticus_UnclassifiedLactobacillushelveticusstrain",1
"201","Bacteria_Firmicutes_Bacilli_Lactobacillales_Lactobacillaceae_Lactobacillus_Lactobacillushordei",1
"202","Bacteria_Firmicutes_Bacilli_Lactobacillales_Lactobacillaceae_Lactobacillus_Lactobacillusingluviei",1
"205","Bacteria_Firmicutes_Bacilli_Lactobacillales_Lactobacillaceae_Lactobacillus_Lactobacilluskefiranofaciens",1
"206","Bacteria_Firmicutes_Bacilli_Lactobacillales_Lactobacillaceae_Lactobacillus_Lactobacilluskoreensis_UnclassifiedLactobacilluskoreensisstrain",1
"207","Bacteria_Firmicutes_Bacilli_Lactobacillales_Lactobacillaceae_Lactobacillus_Lactobacillusmellis_UnclassifiedLactobacillusmellisstrain",1
"208","Bacteria_Firmicutes_Bacilli_Lactobacillales_Lactobacillaceae_Lactobacillus_Lactobacillusmurinus",1
"209","Bacteria_Firmicutes_Bacilli_Lactobacillales_Lactobacillaceae_Lactobacillus_Lactobacillusoeni",1
"210","Bacteria_Firmicutes_Bacilli_Lactobacillales_Lactobacillaceae_Lactobacillus_Lactobacillusparabuchneri_UnclassifiedLactobacillusparabuchneristrain",1
"211","Bacteria_Firmicutes_Bacilli_Lactobacillales_Lactobacillaceae_Lactobacillus_Lactobacillusparacasei_UnclassifiedLactobacillusparacaseistrain",1
"212","Bacteria_Firmicutes_Bacilli_Lactobacillales_Lactobacillaceae_Lactobacillus_Lactobacillusparafarraginis",1
"213","Bacteria_Firmicutes_Bacilli_Lactobacillales_Lactobacillaceae_Lactobacillus_Lactobacilluspentosiphilus_UnclassifiedLactobacilluspentosiphilusstrain",1
"214","Bacteria_Firmicutes_Bacilli_Lactobacillales_Lactobacillaceae_Lactobacillus_Lactobacilluspentosus_UnclassifiedLactobacilluspentosusstrain",1
"216","Bacteria_Firmicutes_Bacilli_Lactobacillales_Lactobacillaceae_Lactobacillus_Lactobacilluspontis",1
"222","Bacteria_Firmicutes_Bacilli_Lactobacillales_Lactobacillaceae_Lactobacillus_Lactobacillussalivarius",1
"224","Bacteria_Firmicutes_Bacilli_Lactobacillales_Lactobacillaceae_Pediococcus_Pediococcusacidilactici_UnclassifiedPediococcusacidilacticistrain",1
"226","Bacteria_Firmicutes_Bacilli_Lactobacillales_Streptococcaceae_Lactococcus_Lactococcuslactis",1
"227","Bacteria_Firmicutes_Bacilli_Lactobacillales_Streptococcaceae_Streptococcus_Streptococcuspasteurianus_UnclassifiedStreptococcuspasteurianusstrain",1
"230","Bacteria_Firmicutes_Clostridia_Clostridiales_Christensenellaceae_Christensenella_Christensenellasp_AF73-05CM02_UnclassifiedChristensenellasp_AF73-05CM02strain",1
"232","Bacteria_Firmicutes_Clostridia_Clostridiales_Clostridiaceae_Butyricicoccus_Butyricicoccuspullicaecorum_UnclassifiedButyricicoccuspullicaecorumstrain",1
"233","Bacteria_Firmicutes_Clostridia_Clostridiales_Clostridiaceae_Clostridiisalibacter_Clostridiisalibacterpaucivorans",1
"234","Bacteria_Firmicutes_Clostridia_Clostridiales_Clostridiaceae_Geosporobacter_Geosporobacterferrireducens_UnclassifiedGeosporobacterferrireducensstrain",1
"236","Bacteria_Firmicutes_Clostridia_Clostridiales_Clostridiaceae_Lactonifactor_Lactonifactorlongoviformis",1
"237","Bacteria_Firmicutes_Clostridia_Clostridiales_Clostridiaceae_Lutispora_Lutisporathermophila",1
"238","Bacteria_Firmicutes_Clostridia_Clostridiales_Defluviitaleaceae_Defluviitalea_Defluviitaleaphaphyphila_UnclassifiedDefluviitaleaphaphyphilastrain",1
"239","Bacteria_Firmicutes_Clostridia_Clostridiales_Eubacteriaceae_Eubacterium_Eubacteriumcallanderi_UnclassifiedEubacteriumcallanderistrain",1
"240","Bacteria_Firmicutes_Clostridia_Clostridiales_Eubacteriaceae_Eubacterium_Eubacteriumlimosum_UnclassifiedEubacteriumlimosumstrain",1
"242","Bacteria_Firmicutes_Clostridia_Clostridiales_Eubacteriaceae_Eubacterium_Eubacteriumsp_SB2_UnclassifiedEubacteriumsp_SB2strain",1
"244","Bacteria_Firmicutes_Clostridia_Clostridiales_Flavonifractor_Flavonifractorplautii_UnclassifiedFlavonifractorplautiistrain",1
"246","Bacteria_Firmicutes_Clostridia_Clostridiales_Intestinimonas_Intestinimonasmassiliensis_UnclassifiedIntestinimonasmassiliensisstrain",1
"247","Bacteria_Firmicutes_Clostridia_Clostridiales_Lachnospiraceae_[Eubacterium]rectale",1
"248","Bacteria_Firmicutes_Clostridia_Clostridiales_Lachnospiraceae_Acetitomaculum_Acetitomaculumruminis",1
"249","Bacteria_Firmicutes_Clostridia_Clostridiales_Lachnospiraceae_Anaerobium_Anaerobiumacetethylicum_UnclassifiedAnaerobiumacetethylicumstrain",1
"250","Bacteria_Firmicutes_Clostridia_Clostridiales_Lachnospiraceae_Anaerocolumna_Anaerocolumnaaminovalerica_UnclassifiedAnaerocolumnaaminovalericastrain",1
"251","Bacteria_Firmicutes_Clostridia_Clostridiales_Lachnospiraceae_Anaerocolumna_Anaerocolumnajejuensis",1
"252","Bacteria_Firmicutes_Clostridia_Clostridiales_Lachnospiraceae_Anaerocolumna_Anaerocolumnaxylanovorans",1
"253","Bacteria_Firmicutes_Clostridia_Clostridiales_Lachnospiraceae_Anaerosporobacter_Anaerosporobactermobilis",1
"254","Bacteria_Firmicutes_Clostridia_Clostridiales_Lachnospiraceae_Anaerostipes_Anaerostipescaccae",1
"255","Bacteria_Firmicutes_Clostridia_Clostridiales_Lachnospiraceae_Anaerostipes_Anaerostipeshadrus",1
"256","Bacteria_Firmicutes_Clostridia_Clostridiales_Lachnospiraceae_Anaerostipes_Anaerostipeshadrus_UnclassifiedAnaerostipeshadrusstrain",1
"257","Bacteria_Firmicutes_Clostridia_Clostridiales_Lachnospiraceae_Anaerostipes_Anaerostipessp_3_2_56FAA_UnclassifiedAnaerostipessp_3_2_56FAAstrain",1
"258","Bacteria_Firmicutes_Clostridia_Clostridiales_Lachnospiraceae_Anaerotignum_Anaerotignumlactatifermentans",1
"259","Bacteria_Firmicutes_Clostridia_Clostridiales_Lachnospiraceae_Anaerotignum_Anaerotignumpropionicum_AnaerotignumpropionicumDSM1682(genome0)",1
"260","Bacteria_Firmicutes_Clostridia_Clostridiales_Lachnospiraceae_Anaerotignum_Anaerotignumpropionicum_AnaerotignumpropionicumDSM1682(genome1)",1
"261","Bacteria_Firmicutes_Clostridia_Clostridiales_Lachnospiraceae_Bariatricus_Bariatricusmassiliensis_UnclassifiedBariatricusmassiliensisstrain",1
"262","Bacteria_Firmicutes_Clostridia_Clostridiales_Lachnospiraceae_Blautia_[Ruminococcus]gnavus",1
"263","Bacteria_Firmicutes_Clostridia_Clostridiales_Lachnospiraceae_Blautia_[Ruminococcus]torques",1
"264","Bacteria_Firmicutes_Clostridia_Clostridiales_Lachnospiraceae_Blautia_Blautiacoccoides_UnclassifiedBlautiacoccoidesstrain",1
"265","Bacteria_Firmicutes_Clostridia_Clostridiales_Lachnospiraceae_Blautia_Blautiahansenii_BlautiahanseniiDSM20583(genome0)",1
"266","Bacteria_Firmicutes_Clostridia_Clostridiales_Lachnospiraceae_Blautia_Blautiahansenii_BlautiahanseniiDSM20583(genome1)",1
"267","Bacteria_Firmicutes_Clostridia_Clostridiales_Lachnospiraceae_Blautia_Blautiahydrogenotrophica",1
"268","Bacteria_Firmicutes_Clostridia_Clostridiales_Lachnospiraceae_Blautia_Blautiamassiliensis_UnclassifiedBlautiamassiliensisstrain",1
"269","Bacteria_Firmicutes_Clostridia_Clostridiales_Lachnospiraceae_Blautia_Blautiaobeum",1
"270","Bacteria_Firmicutes_Clostridia_Clostridiales_Lachnospiraceae_Blautia_Blautiaproducta_BlautiaproductaATCC27340=DSM2950(genome0)",1
"271","Bacteria_Firmicutes_Clostridia_Clostridiales_Lachnospiraceae_Blautia_Blautiaproducta_BlautiaproductaATCC27340=DSM2950(genome1)",1
"272","Bacteria_Firmicutes_Clostridia_Clostridiales_Lachnospiraceae_Blautia_Blautiaproducta_UnclassifiedBlautiaproductastrain",1
"273","Bacteria_Firmicutes_Clostridia_Clostridiales_Lachnospiraceae_Blautia_Blautiaschinkii",1
"274","Bacteria_Firmicutes_Clostridia_Clostridiales_Lachnospiraceae_Blautia_Blautiasp_KLE1732_UnclassifiedBlautiasp_KLE1732strain",1
"275","Bacteria_Firmicutes_Clostridia_Clostridiales_Lachnospiraceae_Blautia_Blautiasp_Marseille-P2398_UnclassifiedBlautiasp_Marseille-P2398strain",1
"276","Bacteria_Firmicutes_Clostridia_Clostridiales_Lachnospiraceae_Blautia_Blautiasp_Marseille-P3087_UnclassifiedBlautiasp_Marseille-P3087strain",1
"277","Bacteria_Firmicutes_Clostridia_Clostridiales_Lachnospiraceae_Blautia_Blautiasp_Marseille-P3201T_UnclassifiedBlautiasp_Marseille-P3201Tstrain",1
"278","Bacteria_Firmicutes_Clostridia_Clostridiales_Lachnospiraceae_Blautia_Blautiasp_SF-50_UnclassifiedBlautiasp_SF-50strain",1
"279","Bacteria_Firmicutes_Clostridia_Clostridiales_Lachnospiraceae_Blautia_Blautiasp_YL58_UnclassifiedBlautiasp_YL58strain",1
"281","Bacteria_Firmicutes_Clostridia_Clostridiales_Lachnospiraceae_Butyrivibrio_Butyrivibriocrossotus",1
"283","Bacteria_Firmicutes_Clostridia_Clostridiales_Lachnospiraceae_Butyrivibrio_Butyrivibriofibrisolvens_UnclassifiedButyrivibriofibrisolvensstrain",1
"287","Bacteria_Firmicutes_Clostridia_Clostridiales_Lachnospiraceae_Butyrivibrio_Butyrivibrioproteoclasticus_UnclassifiedButyrivibrioproteoclasticusstrain",1
"288","Bacteria_Firmicutes_Clostridia_Clostridiales_Lachnospiraceae_Butyrivibrio_Butyrivibriosp_AC2005_UnclassifiedButyrivibriosp_AC2005strain",1
"289","Bacteria_Firmicutes_Clostridia_Clostridiales_Lachnospiraceae_Butyrivibrio_Butyrivibriosp_AE2005_UnclassifiedButyrivibriosp_AE2005strain",1
"290","Bacteria_Firmicutes_Clostridia_Clostridiales_Lachnospiraceae_Butyrivibrio_Butyrivibriosp_AE3006_UnclassifiedButyrivibriosp_AE3006strain",1
"291","Bacteria_Firmicutes_Clostridia_Clostridiales_Lachnospiraceae_Butyrivibrio_Butyrivibriosp_FC2001_UnclassifiedButyrivibriosp_FC2001strain",1
"292","Bacteria_Firmicutes_Clostridia_Clostridiales_Lachnospiraceae_Butyrivibrio_Butyrivibriosp_FCS006_UnclassifiedButyrivibriosp_FCS006strain",1
"293","Bacteria_Firmicutes_Clostridia_Clostridiales_Lachnospiraceae_Butyrivibrio_Butyrivibriosp_INlla14_UnclassifiedButyrivibriosp_INlla14strain",1
"294","Bacteria_Firmicutes_Clostridia_Clostridiales_Lachnospiraceae_Butyrivibrio_Butyrivibriosp_INlla16_UnclassifiedButyrivibriosp_INlla16strain",1
"295","Bacteria_Firmicutes_Clostridia_Clostridiales_Lachnospiraceae_Butyrivibrio_Butyrivibriosp_INlla21_UnclassifiedButyrivibriosp_INlla21strain",1
"296","Bacteria_Firmicutes_Clostridia_Clostridiales_Lachnospiraceae_Butyrivibrio_Butyrivibriosp_LB2008_UnclassifiedButyrivibriosp_LB2008strain",1
"297","Bacteria_Firmicutes_Clostridia_Clostridiales_Lachnospiraceae_Butyrivibrio_Butyrivibriosp_LC3010_UnclassifiedButyrivibriosp_LC3010strain",1
"298","Bacteria_Firmicutes_Clostridia_Clostridiales_Lachnospiraceae_Butyrivibrio_Butyrivibriosp_MB2005_UnclassifiedButyrivibriosp_MB2005strain",1
"299","Bacteria_Firmicutes_Clostridia_Clostridiales_Lachnospiraceae_Butyrivibrio_Butyrivibriosp_MC2013_UnclassifiedButyrivibriosp_MC2013strain",1
"300","Bacteria_Firmicutes_Clostridia_Clostridiales_Lachnospiraceae_Butyrivibrio_Butyrivibriosp_MC2021_UnclassifiedButyrivibriosp_MC2021strain",1
"301","Bacteria_Firmicutes_Clostridia_Clostridiales_Lachnospiraceae_Butyrivibrio_Butyrivibriosp_NC2002_UnclassifiedButyrivibriosp_NC2002strain",1
"302","Bacteria_Firmicutes_Clostridia_Clostridiales_Lachnospiraceae_Butyrivibrio_Butyrivibriosp_NC3005_UnclassifiedButyrivibriosp_NC3005strain",1
"303","Bacteria_Firmicutes_Clostridia_Clostridiales_Lachnospiraceae_Butyrivibrio_Butyrivibriosp_ob235_UnclassifiedButyrivibriosp_ob235strain",1
"304","Bacteria_Firmicutes_Clostridia_Clostridiales_Lachnospiraceae_Butyrivibrio_Butyrivibriosp_TB_UnclassifiedButyrivibriosp_TBstrain",1
"305","Bacteria_Firmicutes_Clostridia_Clostridiales_Lachnospiraceae_Butyrivibrio_Butyrivibriosp_VCB2001_UnclassifiedButyrivibriosp_VCB2001strain",1
"306","Bacteria_Firmicutes_Clostridia_Clostridiales_Lachnospiraceae_Butyrivibrio_Butyrivibriosp_VCD2006_UnclassifiedButyrivibriosp_VCD2006strain",1
"307","Bacteria_Firmicutes_Clostridia_Clostridiales_Lachnospiraceae_Butyrivibrio_Butyrivibriosp_WCD2001_UnclassifiedButyrivibriosp_WCD2001strain",1
"308","Bacteria_Firmicutes_Clostridia_Clostridiales_Lachnospiraceae_Butyrivibrio_Butyrivibriosp_WCD3002_UnclassifiedButyrivibriosp_WCD3002strain",1
"309","Bacteria_Firmicutes_Clostridia_Clostridiales_Lachnospiraceae_Butyrivibrio_Butyrivibriosp_WCE2006_UnclassifiedButyrivibriosp_WCE2006strain",1
"310","Bacteria_Firmicutes_Clostridia_Clostridiales_Lachnospiraceae_Butyrivibrio_Butyrivibriosp_XBB1001_UnclassifiedButyrivibriosp_XBB1001strain",1
"311","Bacteria_Firmicutes_Clostridia_Clostridiales_Lachnospiraceae_Butyrivibrio_Butyrivibriosp_XPD2002_UnclassifiedButyrivibriosp_XPD2002strain",1
"312","Bacteria_Firmicutes_Clostridia_Clostridiales_Lachnospiraceae_Butyrivibrio_Butyrivibriosp_YAB3001_UnclassifiedButyrivibriosp_YAB3001strain",1
"313","Bacteria_Firmicutes_Clostridia_Clostridiales_Lachnospiraceae_Catonella_Catonellamorbi",1
"314","Bacteria_Firmicutes_Clostridia_Clostridiales_Lachnospiraceae_Coprococcus_Coprococcuscomes",1
"315","Bacteria_Firmicutes_Clostridia_Clostridiales_Lachnospiraceae_Coprococcus_Coprococcuseutactus",1
"316","Bacteria_Firmicutes_Clostridia_Clostridiales_Lachnospiraceae_Coprococcus_Coprococcussp_HPP0048_UnclassifiedCoprococcussp_HPP0048strain",1
"317","Bacteria_Firmicutes_Clostridia_Clostridiales_Lachnospiraceae_Coprococcus_Coprococcussp_HPP0074_UnclassifiedCoprococcussp_HPP0074strain",1
"318","Bacteria_Firmicutes_Clostridia_Clostridiales_Lachnospiraceae_Dorea_CandidatusDoreamassiliensis",1
"319","Bacteria_Firmicutes_Clostridia_Clostridiales_Lachnospiraceae_Dorea_Doreaformicigenerans",1
"321","Bacteria_Firmicutes_Clostridia_Clostridiales_Lachnospiraceae_Dorea_Doreasp_5-2_UnclassifiedDoreasp_5-2strain",1
"322","Bacteria_Firmicutes_Clostridia_Clostridiales_Lachnospiraceae_Dorea_Doreasp_D27_UnclassifiedDoreasp_D27strain",1
"324","Bacteria_Firmicutes_Clostridia_Clostridiales_Lachnospiraceae_Fusicatenibacter_Fusicatenibactersp_2789STDY5834925_UnclassifiedFusicatenibactersp_2789STDY5834925strain",1
"325","Bacteria_Firmicutes_Clostridia_Clostridiales_Lachnospiraceae_Herbinix_Herbinixluporum_UnclassifiedHerbinixluporumstrain",1
"326","Bacteria_Firmicutes_Clostridia_Clostridiales_Lachnospiraceae_Hespellia_Hespelliastercorisuis",1
"327","Bacteria_Firmicutes_Clostridia_Clostridiales_Lachnospiraceae_Johnsonella_Johnsonellaignava",1
"328","Bacteria_Firmicutes_Clostridia_Clostridiales_Lachnospiraceae_Lachnoanaerobaculum_Lachnoanaerobaculumsaburreum",1
"329","Bacteria_Firmicutes_Clostridia_Clostridiales_Lachnospiraceae_Lachnoanaerobaculum_Lachnoanaerobaculumsaburreum_UnclassifiedLachnoanaerobaculumsaburreumstrain",1
"330","Bacteria_Firmicutes_Clostridia_Clostridiales_Lachnospiraceae_Lachnoanaerobaculum_Lachnoanaerobaculumsp_OBRC5-5_UnclassifiedLachnoanaerobaculumsp_OBRC5-5strain",1
"332","Bacteria_Firmicutes_Clostridia_Clostridiales_Lachnospiraceae_Lachnobacterium_Lachnobacteriumbovis_UnclassifiedLachnobacteriumbovisstrain",1
"333","Bacteria_Firmicutes_Clostridia_Clostridiales_Lachnospiraceae_Lachnoclostridium_[Clostridium]aminophilum",1
"335","Bacteria_Firmicutes_Clostridia_Clostridiales_Lachnospiraceae_Lachnoclostridium_[Clostridium]asparagiforme",1
"337","Bacteria_Firmicutes_Clostridia_Clostridiales_Lachnospiraceae_Lachnoclostridium_[Clostridium]bolteae_Unclassified[Clostridium]bolteaestrain",1
"339","Bacteria_Firmicutes_Clostridia_Clostridiales_Lachnospiraceae_Lachnoclostridium_[Clostridium]citroniae_Unclassified[Clostridium]citroniaestrain",1
"342","Bacteria_Firmicutes_Clostridia_Clostridiales_Lachnospiraceae_Lachnoclostridium_[Clostridium]hylemonae",1
"343","Bacteria_Firmicutes_Clostridia_Clostridiales_Lachnospiraceae_Lachnoclostridium_[Clostridium]lavalense_Unclassified[Clostridium]lavalensestrain",1
"344","Bacteria_Firmicutes_Clostridia_Clostridiales_Lachnospiraceae_Lachnoclostridium_[Clostridium]polysaccharolyticum_Unclassified[Clostridium]polysaccharolyticumstrain",1
"345","Bacteria_Firmicutes_Clostridia_Clostridiales_Lachnospiraceae_Lachnoclostridium_[Clostridium]populeti_Unclassified[Clostridium]populetistrain",1
"346","Bacteria_Firmicutes_Clostridia_Clostridiales_Lachnospiraceae_Lachnoclostridium_[Clostridium]saccharolyticum",1
"347","Bacteria_Firmicutes_Clostridia_Clostridiales_Lachnospiraceae_Lachnoclostridium_[Clostridium]scindens",1
"348","Bacteria_Firmicutes_Clostridia_Clostridiales_Lachnospiraceae_Lachnoclostridium_[Clostridium]sphenoides",1
"350","Bacteria_Firmicutes_Clostridia_Clostridiales_Lachnospiraceae_Lachnoclostridium_[Clostridium]symbiosum_Unclassified[Clostridium]symbiosumstrain",1
"351","Bacteria_Firmicutes_Clostridia_Clostridiales_Lachnospiraceae_Lachnoclostridium_Lachnoclostridiumphocaeense_UnclassifiedLachnoclostridiumphocaeensestrain",1
"352","Bacteria_Firmicutes_Clostridia_Clostridiales_Lachnospiraceae_Lachnoclostridium_Lachnoclostridiumphytofermentans",1
"353","Bacteria_Firmicutes_Clostridia_Clostridiales_Lachnospiraceae_Lachnoclostridium_Lachnoclostridiumsp_YL32_UnclassifiedLachnoclostridiumsp_YL32strain",1
"355","Bacteria_Firmicutes_Clostridia_Clostridiales_Lachnospiraceae_Lachnospira_Lachnospirapectinoschiza_UnclassifiedLachnospirapectinoschizastrain",1
"357","Bacteria_Firmicutes_Clostridia_Clostridiales_Lachnospiraceae_Lachnospiraceaebacterium1_1_57FAA_UnclassifiedLachnospiraceaebacterium1_1_57FAAstrain",1
"358","Bacteria_Firmicutes_Clostridia_Clostridiales_Lachnospiraceae_Lachnospiraceaebacterium1_4_56FAA_UnclassifiedLachnospiraceaebacterium1_4_56FAAstrain",1
"359","Bacteria_Firmicutes_Clostridia_Clostridiales_Lachnospiraceae_Lachnospiraceaebacterium10-1_UnclassifiedLachnospiraceaebacterium10-1strain",1
"360","Bacteria_Firmicutes_Clostridia_Clostridiales_Lachnospiraceae_Lachnospiraceaebacterium2_1_46FAA_UnclassifiedLachnospiraceaebacterium2_1_46FAAstrain",1
"361","Bacteria_Firmicutes_Clostridia_Clostridiales_Lachnospiraceae_Lachnospiraceaebacterium2_1_58FAA_UnclassifiedLachnospiraceaebacterium2_1_58FAAstrain",1
"362","Bacteria_Firmicutes_Clostridia_Clostridiales_Lachnospiraceae_Lachnospiraceaebacterium28-4_UnclassifiedLachnospiraceaebacterium28-4strain",1
"363","Bacteria_Firmicutes_Clostridia_Clostridiales_Lachnospiraceae_Lachnospiraceaebacterium3_1_46FAA_UnclassifiedLachnospiraceaebacterium3_1_46FAAstrain",1
"364","Bacteria_Firmicutes_Clostridia_Clostridiales_Lachnospiraceae_Lachnospiraceaebacterium3_1_57FAA_CT1_UnclassifiedLachnospiraceaebacterium3_1_57FAA_CT1strain",1
"365","Bacteria_Firmicutes_Clostridia_Clostridiales_Lachnospiraceae_Lachnospiraceaebacterium3-1_UnclassifiedLachnospiraceaebacterium3-1strain",1
"366","Bacteria_Firmicutes_Clostridia_Clostridiales_Lachnospiraceae_Lachnospiraceaebacterium3-2_UnclassifiedLachnospiraceaebacterium3-2strain",1
"367","Bacteria_Firmicutes_Clostridia_Clostridiales_Lachnospiraceae_Lachnospiraceaebacterium5_1_57FAA_UnclassifiedLachnospiraceaebacterium5_1_57FAAstrain",1
"368","Bacteria_Firmicutes_Clostridia_Clostridiales_Lachnospiraceae_Lachnospiraceaebacterium5_1_63FAA_UnclassifiedLachnospiraceaebacterium5_1_63FAAstrain",1
"369","Bacteria_Firmicutes_Clostridia_Clostridiales_Lachnospiraceae_Lachnospiraceaebacterium6_1_37FAA_UnclassifiedLachnospiraceaebacterium6_1_37FAAstrain",1
"370","Bacteria_Firmicutes_Clostridia_Clostridiales_Lachnospiraceae_Lachnospiraceaebacterium6_1_63FAA_UnclassifiedLachnospiraceaebacterium6_1_63FAAstrain",1
"371","Bacteria_Firmicutes_Clostridia_Clostridiales_Lachnospiraceae_Lachnospiraceaebacterium7_1_58FAA_UnclassifiedLachnospiraceaebacterium7_1_58FAAstrain",1
"372","Bacteria_Firmicutes_Clostridia_Clostridiales_Lachnospiraceae_Lachnospiraceaebacterium8_1_57FAA_UnclassifiedLachnospiraceaebacterium8_1_57FAAstrain",1
"373","Bacteria_Firmicutes_Clostridia_Clostridiales_Lachnospiraceae_Lachnospiraceaebacterium9_1_43BFAA_UnclassifiedLachnospiraceaebacterium9_1_43BFAAstrain",1
"374","Bacteria_Firmicutes_Clostridia_Clostridiales_Lachnospiraceae_LachnospiraceaebacteriumA10_UnclassifiedLachnospiraceaebacteriumA10strain",1
"375","Bacteria_Firmicutes_Clostridia_Clostridiales_Lachnospiraceae_LachnospiraceaebacteriumA2_UnclassifiedLachnospiraceaebacteriumA2strain",1
"376","Bacteria_Firmicutes_Clostridia_Clostridiales_Lachnospiraceae_LachnospiraceaebacteriumA4_UnclassifiedLachnospiraceaebacteriumA4strain",1
"377","Bacteria_Firmicutes_Clostridia_Clostridiales_Lachnospiraceae_LachnospiraceaebacteriumAB2028_UnclassifiedLachnospiraceaebacteriumAB2028strain",1
"378","Bacteria_Firmicutes_Clostridia_Clostridiales_Lachnospiraceae_LachnospiraceaebacteriumAC2014_UnclassifiedLachnospiraceaebacteriumAC2014strain",1
"379","Bacteria_Firmicutes_Clostridia_Clostridiales_Lachnospiraceae_LachnospiraceaebacteriumAC2028_UnclassifiedLachnospiraceaebacteriumAC2028strain",1
"380","Bacteria_Firmicutes_Clostridia_Clostridiales_Lachnospiraceae_LachnospiraceaebacteriumAC3007_UnclassifiedLachnospiraceaebacteriumAC3007strain",1
"381","Bacteria_Firmicutes_Clostridia_Clostridiales_Lachnospiraceae_LachnospiraceaebacteriumAD3010_UnclassifiedLachnospiraceaebacteriumAD3010strain",1
"382","Bacteria_Firmicutes_Clostridia_Clostridiales_Lachnospiraceae_LachnospiraceaebacteriumC10_UnclassifiedLachnospiraceaebacteriumC10strain",1
"383","Bacteria_Firmicutes_Clostridia_Clostridiales_Lachnospiraceae_LachnospiraceaebacteriumC6A11_UnclassifiedLachnospiraceaebacteriumC6A11strain",1
"384","Bacteria_Firmicutes_Clostridia_Clostridiales_Lachnospiraceae_LachnospiraceaebacteriumC7_UnclassifiedLachnospiraceaebacteriumC7strain",1
"385","Bacteria_Firmicutes_Clostridia_Clostridiales_Lachnospiraceae_LachnospiraceaebacteriumCOE1_UnclassifiedLachnospiraceaebacteriumCOE1strain",1
"386","Bacteria_Firmicutes_Clostridia_Clostridiales_Lachnospiraceae_LachnospiraceaebacteriumFD2005_UnclassifiedLachnospiraceaebacteriumFD2005strain",1
"387","Bacteria_Firmicutes_Clostridia_Clostridiales_Lachnospiraceae_LachnospiraceaebacteriumG11_UnclassifiedLachnospiraceaebacteriumG11strain",1
"388","Bacteria_Firmicutes_Clostridia_Clostridiales_Lachnospiraceae_LachnospiraceaebacteriumG41_UnclassifiedLachnospiraceaebacteriumG41strain",1
"389","Bacteria_Firmicutes_Clostridia_Clostridiales_Lachnospiraceae_LachnospiraceaebacteriumKH1T2_UnclassifiedLachnospiraceaebacteriumKH1T2strain",1
"390","Bacteria_Firmicutes_Clostridia_Clostridiales_Lachnospiraceae_LachnospiraceaebacteriumKHCPX20_UnclassifiedLachnospiraceaebacteriumKHCPX20strain",1
"391","Bacteria_Firmicutes_Clostridia_Clostridiales_Lachnospiraceae_LachnospiraceaebacteriumM18-1_UnclassifiedLachnospiraceaebacteriumM18-1strain",1
"392","Bacteria_Firmicutes_Clostridia_Clostridiales_Lachnospiraceae_LachnospiraceaebacteriumMA2020_UnclassifiedLachnospiraceaebacteriumMA2020strain",1
"393","Bacteria_Firmicutes_Clostridia_Clostridiales_Lachnospiraceae_LachnospiraceaebacteriumMarseille-P3773_UnclassifiedLachnospiraceaebacteriumMarseille-P3773strain",1
"394","Bacteria_Firmicutes_Clostridia_Clostridiales_Lachnospiraceae_LachnospiraceaebacteriumMC2017_UnclassifiedLachnospiraceaebacteriumMC2017strain",1
"395","Bacteria_Firmicutes_Clostridia_Clostridiales_Lachnospiraceae_LachnospiraceaebacteriumMD2004_UnclassifiedLachnospiraceaebacteriumMD2004strain",1
"396","Bacteria_Firmicutes_Clostridia_Clostridiales_Lachnospiraceae_LachnospiraceaebacteriumNC2004_UnclassifiedLachnospiraceaebacteriumNC2004strain",1
"397","Bacteria_Firmicutes_Clostridia_Clostridiales_Lachnospiraceae_LachnospiraceaebacteriumND2006_UnclassifiedLachnospiraceaebacteriumND2006strain",1
"398","Bacteria_Firmicutes_Clostridia_Clostridiales_Lachnospiraceae_LachnospiraceaebacteriumNE2001_UnclassifiedLachnospiraceaebacteriumNE2001strain",1
"399","Bacteria_Firmicutes_Clostridia_Clostridiales_Lachnospiraceae_LachnospiraceaebacteriumNK4A144_UnclassifiedLachnospiraceaebacteriumNK4A144strain",1
"400","Bacteria_Firmicutes_Clostridia_Clostridiales_Lachnospiraceae_LachnospiraceaebacteriumNLAE-zl-G231_UnclassifiedLachnospiraceaebacteriumNLAE-zl-G231strain",1
"401","Bacteria_Firmicutes_Clostridia_Clostridiales_Lachnospiraceae_Lachnospiraceaebacteriumoraltaxon082",1
"402","Bacteria_Firmicutes_Clostridia_Clostridiales_Lachnospiraceae_Lachnospiraceaebacteriumoraltaxon500",1
"403","Bacteria_Firmicutes_Clostridia_Clostridiales_Lachnospiraceae_LachnospiraceaebacteriumP6A3_UnclassifiedLachnospiraceaebacteriumP6A3strain",1
"404","Bacteria_Firmicutes_Clostridia_Clostridiales_Lachnospiraceae_LachnospiraceaebacteriumRM5_UnclassifiedLachnospiraceaebacteriumRM5strain",1
"405","Bacteria_Firmicutes_Clostridia_Clostridiales_Lachnospiraceae_LachnospiraceaebacteriumTF01-11_UnclassifiedLachnospiraceaebacteriumTF01-11strain",1
"406","Bacteria_Firmicutes_Clostridia_Clostridiales_Lachnospiraceae_LachnospiraceaebacteriumTWA4_UnclassifiedLachnospiraceaebacteriumTWA4strain",1
"407","Bacteria_Firmicutes_Clostridia_Clostridiales_Lachnospiraceae_LachnospiraceaebacteriumV9D3004_UnclassifiedLachnospiraceaebacteriumV9D3004strain",1
"408","Bacteria_Firmicutes_Clostridia_Clostridiales_Lachnospiraceae_LachnospiraceaebacteriumXBB1006_UnclassifiedLachnospiraceaebacteriumXBB1006strain",1
"409","Bacteria_Firmicutes_Clostridia_Clostridiales_Lachnospiraceae_LachnospiraceaebacteriumXBB2008_UnclassifiedLachnospiraceaebacteriumXBB2008strain",1
"410","Bacteria_Firmicutes_Clostridia_Clostridiales_Lachnospiraceae_LachnospiraceaebacteriumXBD2001_UnclassifiedLachnospiraceaebacteriumXBD2001strain",1
"411","Bacteria_Firmicutes_Clostridia_Clostridiales_Lachnospiraceae_LachnospiraceaebacteriumXPB1003_UnclassifiedLachnospiraceaebacteriumXPB1003strain",1
"412","Bacteria_Firmicutes_Clostridia_Clostridiales_Lachnospiraceae_Marvinbryantia_Marvinbryantiaformatexigens_UnclassifiedMarvinbryantiaformatexigensstrain",1
"413","Bacteria_Firmicutes_Clostridia_Clostridiales_Lachnospiraceae_Oribacterium_Oribacteriumasaccharolyticum",1
"414","Bacteria_Firmicutes_Clostridia_Clostridiales_Lachnospiraceae_Oribacterium_Oribacteriumparvum",1
"415","Bacteria_Firmicutes_Clostridia_Clostridiales_Lachnospiraceae_Oribacterium_Oribacteriumsinus",1
"416","Bacteria_Firmicutes_Clostridia_Clostridiales_Lachnospiraceae_Oribacterium_Oribacteriumsp_FC2011_UnclassifiedOribacteriumsp_FC2011strain",1
"417","Bacteria_Firmicutes_Clostridia_Clostridiales_Lachnospiraceae_Oribacterium_Oribacteriumsp_KHPX15_UnclassifiedOribacteriumsp_KHPX15strain",1
"418","Bacteria_Firmicutes_Clostridia_Clostridiales_Lachnospiraceae_Oribacterium_Oribacteriumsp_NK2B42_UnclassifiedOribacteriumsp_NK2B42strain",1
"420","Bacteria_Firmicutes_Clostridia_Clostridiales_Lachnospiraceae_Oribacterium_Oribacteriumsp_WCC10_UnclassifiedOribacteriumsp_WCC10strain",1
"422","Bacteria_Firmicutes_Clostridia_Clostridiales_Lachnospiraceae_Pseudobutyrivibrio_Pseudobutyrivibrioruminis_UnclassifiedPseudobutyrivibrioruminisstrain",1
"423","Bacteria_Firmicutes_Clostridia_Clostridiales_Lachnospiraceae_Pseudobutyrivibrio_Pseudobutyrivibriosp_49_UnclassifiedPseudobutyrivibriosp_49strain",1
"424","Bacteria_Firmicutes_Clostridia_Clostridiales_Lachnospiraceae_Pseudobutyrivibrio_Pseudobutyrivibriosp_ACV-2_UnclassifiedPseudobutyrivibriosp_ACV-2strain",1
"425","Bacteria_Firmicutes_Clostridia_Clostridiales_Lachnospiraceae_Pseudobutyrivibrio_Pseudobutyrivibriosp_AR14_UnclassifiedPseudobutyrivibriosp_AR14strain",1
"426","Bacteria_Firmicutes_Clostridia_Clostridiales_Lachnospiraceae_Pseudobutyrivibrio_Pseudobutyrivibriosp_JW11_UnclassifiedPseudobutyrivibriosp_JW11strain",1
"427","Bacteria_Firmicutes_Clostridia_Clostridiales_Lachnospiraceae_Pseudobutyrivibrio_Pseudobutyrivibriosp_LB2011_UnclassifiedPseudobutyrivibriosp_LB2011strain",1
"428","Bacteria_Firmicutes_Clostridia_Clostridiales_Lachnospiraceae_Pseudobutyrivibrio_Pseudobutyrivibriosp_MD2005_UnclassifiedPseudobutyrivibriosp_MD2005strain",1
"429","Bacteria_Firmicutes_Clostridia_Clostridiales_Lachnospiraceae_Pseudobutyrivibrio_Pseudobutyrivibriosp_NOR37_UnclassifiedPseudobutyrivibriosp_NOR37strain",1
"430","Bacteria_Firmicutes_Clostridia_Clostridiales_Lachnospiraceae_Pseudobutyrivibrio_Pseudobutyrivibriosp_OR37_UnclassifiedPseudobutyrivibriosp_OR37strain",1
"431","Bacteria_Firmicutes_Clostridia_Clostridiales_Lachnospiraceae_Pseudobutyrivibrio_Pseudobutyrivibriosp_YE44_UnclassifiedPseudobutyrivibriosp_YE44strain",1
"432","Bacteria_Firmicutes_Clostridia_Clostridiales_Lachnospiraceae_Pseudobutyrivibrio_Pseudobutyrivibrioxylanivorans",1
"433","Bacteria_Firmicutes_Clostridia_Clostridiales_Lachnospiraceae_Roseburia_Roseburiahominis",1
"434","Bacteria_Firmicutes_Clostridia_Clostridiales_Lachnospiraceae_Roseburia_Roseburiaintestinalis",1
"435","Bacteria_Firmicutes_Clostridia_Clostridiales_Lachnospiraceae_Shuttleworthia_Shuttleworthiasatelles",1
"436","Bacteria_Firmicutes_Clostridia_Clostridiales_Lachnospiraceae_Stomatobaculum_Stomatobaculumlongum_UnclassifiedStomatobaculumlongumstrain",1
"437","Bacteria_Firmicutes_Clostridia_Clostridiales_Lachnospiraceae_Tyzzerella_Tyzzerellanexilis",1
"438","Bacteria_Firmicutes_Clostridia_Clostridiales_Oscillospiraceae_Oscillibacter_Oscillibacterruminantium",1
"439","Bacteria_Firmicutes_Clostridia_Clostridiales_Oscillospiraceae_Oscillibacter_Oscillibactersp_1-3_UnclassifiedOscillibactersp_1-3strain",1
"440","Bacteria_Firmicutes_Clostridia_Clostridiales_Oscillospiraceae_Oscillibacter_Oscillibactersp_KLE1728_UnclassifiedOscillibactersp_KLE1728strain",1
"441","Bacteria_Firmicutes_Clostridia_Clostridiales_Oscillospiraceae_Oscillibacter_Oscillibactersp_KLE1745_UnclassifiedOscillibactersp_KLE1745strain",1
"442","Bacteria_Firmicutes_Clostridia_Clostridiales_Peptococcaceae_Peptococcus_Peptococcusniger_UnclassifiedPeptococcusnigerstrain",1
"443","Bacteria_Firmicutes_Clostridia_Clostridiales_Peptostreptococcaceae_Clostridioides_Clostridioidesdifficile",1
"444","Bacteria_Firmicutes_Clostridia_Clostridiales_Peptostreptococcaceae_Peptoanaerobacter_[Eubacterium]yurii_Unclassified[Eubacterium]yuriistrain",1
"445","Bacteria_Firmicutes_Clostridia_Clostridiales_Peptostreptococcaceae_Peptostreptococcus_Peptostreptococcusanaerobius_UnclassifiedPeptostreptococcusanaerobiusstrain",1
"446","Bacteria_Firmicutes_Clostridia_Clostridiales_Pseudoflavonifractor_Pseudoflavonifractorsp_Marseille-P3106_UnclassifiedPseudoflavonifractorsp_Marseille-P3106strain",1
"447","Bacteria_Firmicutes_Clostridia_Clostridiales_Ruminococcaceae_Acetivibrio_Acetivibriocellulolyticus",1
"448","Bacteria_Firmicutes_Clostridia_Clostridiales_Ruminococcaceae_Acetivibrio_Acetivibrioethanolgignens_UnclassifiedAcetivibrioethanolgignensstrain",1
"449","Bacteria_Firmicutes_Clostridia_Clostridiales_Ruminococcaceae_Acutalibacter_Acutalibactermuris_UnclassifiedAcutalibactermurisstrain",1
"450","Bacteria_Firmicutes_Clostridia_Clostridiales_Ruminococcaceae_Agathobaculum_Agathobaculumdesmolans",1
"451","Bacteria_Firmicutes_Clostridia_Clostridiales_Ruminococcaceae_Anaeromassilibacillus_Anaeromassilibacillussenegalensis_UnclassifiedAnaeromassilibacillussenegalensisstrain",1
"452","Bacteria_Firmicutes_Clostridia_Clostridiales_Ruminococcaceae_Anaeromassilibacillus_Anaeromassilibacillussp_Marseille-P3371_UnclassifiedAnaeromassilibacillussp_Marseille-P3371strain",1
"453","Bacteria_Firmicutes_Clostridia_Clostridiales_Ruminococcaceae_Anaerotruncus_Anaerotruncuscolihominis",1
"454","Bacteria_Firmicutes_Clostridia_Clostridiales_Ruminococcaceae_Anaerotruncus_Anaerotruncussp_G3(2012)_UnclassifiedAnaerotruncussp_G3(2012)strain",1
"455","Bacteria_Firmicutes_Clostridia_Clostridiales_Ruminococcaceae_Angelakisella_Angelakisellamassiliensis_UnclassifiedAngelakisellamassiliensisstrain",1
"458","Bacteria_Firmicutes_Clostridia_Clostridiales_Ruminococcaceae_Fournierella_Fournierellamassiliensis_UnclassifiedFournierellamassiliensisstrain",1
"459","Bacteria_Firmicutes_Clostridia_Clostridiales_Ruminococcaceae_Gemmiger_Gemmigerformicilis_UnclassifiedGemmigerformicilisstrain",1
"460","Bacteria_Firmicutes_Clostridia_Clostridiales_Ruminococcaceae_Phocea_Phoceamassiliensis_UnclassifiedPhoceamassiliensisstrain",1
"461","Bacteria_Firmicutes_Clostridia_Clostridiales_Ruminococcaceae_Ruminiclostridium_[Clostridium]cellobioparum",1
"462","Bacteria_Firmicutes_Clostridia_Clostridiales_Ruminococcaceae_Ruminiclostridium_[Clostridium]cellulolyticum",1
"464","Bacteria_Firmicutes_Clostridia_Clostridiales_Ruminococcaceae_Ruminiclostridium_[Clostridium]leptum",1
"465","Bacteria_Firmicutes_Clostridia_Clostridiales_Ruminococcaceae_Ruminiclostridium_[Clostridium]methylpentosum",1
"466","Bacteria_Firmicutes_Clostridia_Clostridiales_Ruminococcaceae_Ruminiclostridium_[Clostridium]sporosphaeroides",1
"468","Bacteria_Firmicutes_Clostridia_Clostridiales_Ruminococcaceae_Ruminiclostridium_[Clostridium]stercorarium_[Clostridium]stercorariumsubsp_stercorariumDSM8532(genome0)",1
"469","Bacteria_Firmicutes_Clostridia_Clostridiales_Ruminococcaceae_Ruminiclostridium_[Clostridium]stercorarium_[Clostridium]stercorariumsubsp_stercorariumDSM8532(genome1)",1
"470","Bacteria_Firmicutes_Clostridia_Clostridiales_Ruminococcaceae_Ruminiclostridium_Ruminiclostridiumsp_KB18_UnclassifiedRuminiclostridiumsp_KB18strain",1
"472","Bacteria_Firmicutes_Clostridia_Clostridiales_Ruminococcaceae_RuminococcaceaebacteriumAB4001_UnclassifiedRuminococcaceaebacteriumAB4001strain",1
"473","Bacteria_Firmicutes_Clostridia_Clostridiales_Ruminococcaceae_RuminococcaceaebacteriumCPB6_UnclassifiedRuminococcaceaebacteriumCPB6strain",1
"474","Bacteria_Firmicutes_Clostridia_Clostridiales_Ruminococcaceae_Ruminococcaceaebacteriumcv2_UnclassifiedRuminococcaceaebacteriumcv2strain",1
"475","Bacteria_Firmicutes_Clostridia_Clostridiales_Ruminococcaceae_RuminococcaceaebacteriumD16_UnclassifiedRuminococcaceaebacteriumD16strain",1
"476","Bacteria_Firmicutes_Clostridia_Clostridiales_Ruminococcaceae_RuminococcaceaebacteriumD5_UnclassifiedRuminococcaceaebacteriumD5strain",1
"477","Bacteria_Firmicutes_Clostridia_Clostridiales_Ruminococcaceae_RuminococcaceaebacteriumKH2T8_UnclassifiedRuminococcaceaebacteriumKH2T8strain",1
"478","Bacteria_Firmicutes_Clostridia_Clostridiales_Ruminococcaceae_RuminococcaceaebacteriumMarseille-P2935_UnclassifiedRuminococcaceaebacteriumMarseille-P2935strain",1
"479","Bacteria_Firmicutes_Clostridia_Clostridiales_Ruminococcaceae_RuminococcaceaebacteriumP7_UnclassifiedRuminococcaceaebacteriumP7strain",1
"480","Bacteria_Firmicutes_Clostridia_Clostridiales_Ruminococcaceae_RuminococcaceaebacteriumYRB3002_UnclassifiedRuminococcaceaebacteriumYRB3002strain",1
"483","Bacteria_Firmicutes_Clostridia_Clostridiales_Ruminococcaceae_Ruminococcus_Ruminococcuscallidus",1
"486","Bacteria_Firmicutes_Clostridia_Clostridiales_Ruminococcaceae_Ruminococcus_Ruminococcusgauvreauii",1
"488","Bacteria_Firmicutes_Clostridia_Clostridiales_Ruminococcaceae_Ruminococcus_Ruminococcussp_AT10_UnclassifiedRuminococcussp_AT10strain",1
"489","Bacteria_Firmicutes_Clostridia_Clostridiales_Ruminococcaceae_Ruminococcus_Ruminococcussp_FC2018_UnclassifiedRuminococcussp_FC2018strain",1
"490","Bacteria_Firmicutes_Clostridia_Clostridiales_Ruminococcaceae_Ruminococcus_Ruminococcussp_JC304_UnclassifiedRuminococcussp_JC304strain",1
"491","Bacteria_Firmicutes_Clostridia_Clostridiales_Ruminococcaceae_Ruminococcus_Ruminococcussp_YE71_UnclassifiedRuminococcussp_YE71strain",1
"492","Bacteria_Firmicutes_Clostridia_Clostridiales_Ruminococcaceae_Ruminococcus_Ruminococcussp_YE78_UnclassifiedRuminococcussp_YE78strain",1
"493","Bacteria_Firmicutes_Clostridia_Clostridiales_Ruminococcaceae_Subdoligranulum_Subdoligranulumsp_4_3_54A2FAA_UnclassifiedSubdoligranulumsp_4_3_54A2FAAstrain",1
"494","Bacteria_Firmicutes_Clostridia_Clostridiales_Ruminococcaceae_Subdoligranulum_Subdoligranulumvariabile",1
"495","Bacteria_Firmicutes_Erysipelotrichia_Erysipelotrichales_Erysipelotrichaceae_Allobaculum_Allobaculumstercoricanis",1
"496","Bacteria_Firmicutes_Erysipelotrichia_Erysipelotrichales_Erysipelotrichaceae_CandidatusStoquefichus_CandidatusStoquefichusmassiliensis",1
"497","Bacteria_Firmicutes_Erysipelotrichia_Erysipelotrichales_Erysipelotrichaceae_CandidatusStoquefichus_CandidatusStoquefichussp_KLE1796_UnclassifiedCandidatusStoquefichussp_KLE1796strain",1
"498","Bacteria_Firmicutes_Erysipelotrichia_Erysipelotrichales_Erysipelotrichaceae_Coprobacillus_Coprobacillussp_8_1_38FAA_UnclassifiedCoprobacillussp_8_1_38FAAstrain",1
"499","Bacteria_Firmicutes_Erysipelotrichia_Erysipelotrichales_Erysipelotrichaceae_Coprobacillus_Coprobacillussp_D7_UnclassifiedCoprobacillussp_D7strain",1
"500","Bacteria_Firmicutes_Erysipelotrichia_Erysipelotrichales_Erysipelotrichaceae_Erysipelatoclostridium_[Clostridium]saccharogumia",1
"502","Bacteria_Firmicutes_Erysipelotrichia_Erysipelotrichales_Erysipelotrichaceae_Erysipelotrichaceaebacterium2_2_44A_UnclassifiedErysipelotrichaceaebacterium2_2_44Astrain",1
"503","Bacteria_Firmicutes_Erysipelotrichia_Erysipelotrichales_Erysipelotrichaceae_Erysipelotrichaceaebacterium21_3_UnclassifiedErysipelotrichaceaebacterium21_3strain",1
"504","Bacteria_Firmicutes_Erysipelotrichia_Erysipelotrichales_Erysipelotrichaceae_Faecalitalea_Faecalitaleacylindroides",1
"505","Bacteria_Firmicutes_Erysipelotrichia_Erysipelotrichales_Erysipelotrichaceae_Holdemanella_Holdemanellabiformis",1
"506","Bacteria_Firmicutes_Erysipelotrichia_Erysipelotrichales_Erysipelotrichaceae_Holdemania_Holdemaniafiliformis",1
"507","Bacteria_Firmicutes_Erysipelotrichia_Erysipelotrichales_Erysipelotrichaceae_Holdemania_Holdemaniamassiliensis",1
"508","Bacteria_Firmicutes_Erysipelotrichia_Erysipelotrichales_Erysipelotrichaceae_Holdemania_Holdemaniasp_Marseille-P2844_UnclassifiedHoldemaniasp_Marseille-P2844strain",1
"510","Bacteria_Firmicutes_Erysipelotrichia_Erysipelotrichales_Erysipelotrichaceae_Kandleria_Kandleriavitulina_KandleriavitulinaDSM20405(genome0)",1
"511","Bacteria_Firmicutes_Erysipelotrichia_Erysipelotrichales_Erysipelotrichaceae_Kandleria_Kandleriavitulina_KandleriavitulinaDSM20405(genome1)",1
"513","Bacteria_Firmicutes_Erysipelotrichia_Erysipelotrichales_Erysipelotrichaceae_Traorella_Traorellamassiliensis_UnclassifiedTraorellamassiliensisstrain",1
"514","Bacteria_Firmicutes_Erysipelotrichia_Erysipelotrichales_Erysipelotrichaceae_Turicibacter_Turicibactersp_H121_UnclassifiedTuricibactersp_H121strain",1
"515","Bacteria_Firmicutes_Negativicutes_Selenomonadales_Selenomonadaceae_Anaerovibrio_Anaerovibriolipolyticus",1
"516","Bacteria_Firmicutes_Negativicutes_Selenomonadales_Selenomonadaceae_Anaerovibrio_Anaerovibriosp_RM50_UnclassifiedAnaerovibriosp_RM50strain",1
"517","Bacteria_Firmicutes_Negativicutes_Veillonellales_Veillonellaceae_VeillonellaceaebacteriumKA00182_UnclassifiedVeillonellaceaebacteriumKA00182strain",1
"518","Bacteria_Proteobacteria_Alphaproteobacteria_Sphingomonadales_Sphingomonadaceae_Novosphingobium_Novosphingobiumsp_B-7_UnclassifiedNovosphingobiumsp_B-7strain",1
"519","Bacteria_Proteobacteria_Betaproteobacteria_Burkholderiales_Sutterellaceae_Parasutterella_Parasutterellaexcrementihominis",1
"520","Bacteria_Proteobacteria_Deltaproteobacteria_Desulfovibrionales_Desulfovibrionaceae_Bilophila_Bilophilasp_4_1_30_UnclassifiedBilophilasp_4_1_30strain",1
"521","Bacteria_Proteobacteria_Deltaproteobacteria_Desulfovibrionales_Desulfovibrionaceae_Bilophila_Bilophilawadsworthia",1
"524","Bacteria_Proteobacteria_Gammaproteobacteria_Enterobacterales_Enterobacteriaceae_Citrobacter_Citrobactersp_MGH99_UnclassifiedCitrobactersp_MGH99strain",1
"525","Bacteria_Proteobacteria_Gammaproteobacteria_Enterobacterales_Enterobacteriaceae_Escherichia_Escherichiacoli_UnclassifiedEscherichiacolistrain",1
"526","Bacteria_Proteobacteria_Gammaproteobacteria_Enterobacterales_Enterobacteriaceae_Salmonella_Salmonellaenterica",1
"527","Bacteria_Proteobacteria_Oligoflexia_Bdellovibrionales_Bdellovibrionaceae_Bdellovibrio_Bdellovibriobacteriovorus_UnclassifiedBdellovibriobacteriovorusstrain",1
"528","Bacteria_Tenericutes_Mollicutes_Mycoplasmatales_Mycoplasmataceae_Ureaplasma_Ureaplasmaparvum",1
"529","Bacteria_Verrucomicrobia_Verrucomicrobiae_Verrucomicrobiales_Akkermansiaceae_Akkermansia_Akkermansiamuciniphila",1
"531","Bacteria_Verrucomicrobia_Verrucomicrobiae_Verrucomicrobiales_Akkermansiaceae_Akkermansia_Akkermansiasp_KLE1605_UnclassifiedAkkermansiasp_KLE1605strain",1
"532","Bacteria_Verrucomicrobia_Verrucomicrobiae_Verrucomicrobiales_Akkermansiaceae_Akkermansia_Akkermansiasp_KLE1798_UnclassifiedAkkermansiasp_KLE1798strain",1
